{"cameraMode":{"drawMode":0,"name":"Shaded","section":"Shading Mode"},"sceneLighting":false,"audioPlay":false,"sceneViewState":{"showFog":true,"showMaterialUpdate":false,"showSkybox":false,"showFlares":true,"showImageEffects":true,"showParticleSystems":true},"in2DMode":false,"pivot":{"x":-7.82697057723999,"y":2.846325397491455,"z":5.496936798095703},"rotation":{"x":0.03946024924516678,"y":0.8707112073898315,"z":-0.06932283937931061,"w":0.4863675832748413},"size":-2.798374891281128,"orthographic":false}