{"cameraMode":{"drawMode":0,"name":"Shaded","section":"Shading Mode"},"sceneLighting":false,"audioPlay":false,"sceneViewState":{"showFog":true,"showMaterialUpdate":false,"showSkybox":false,"showFlares":true,"showImageEffects":true,"showParticleSystems":true},"in2DMode":false,"pivot":{"x":-2.522040367126465,"y":3.860980987548828,"z":2.514772891998291},"rotation":{"x":0.0006089092348702252,"y":0.9974549412727356,"z":-0.07826623320579529,"w":0.00392635352909565},"size":4.488541126251221,"orthographic":false}