{"cameraMode":{"drawMode":0,"name":"Shaded","section":"Shading Mode"},"sceneLighting":false,"audioPlay":false,"sceneViewState":{"showFog":true,"showMaterialUpdate":false,"showSkybox":false,"showFlares":true,"showImageEffects":true,"showParticleSystems":true},"in2DMode":false,"pivot":{"x":0.1981433629989624,"y":0.29992127418518069,"z":0.3636226952075958},"rotation":{"x":0.18161995708942414,"y":0.6809028387069702,"z":-0.17981845140457154,"w":0.6871013641357422},"size":1.4909284114837647,"orthographic":false}