{"cameraMode":{"drawMode":0,"name":"Shaded","section":"Shading Mode"},"sceneLighting":false,"audioPlay":false,"sceneViewState":{"showFog":true,"showMaterialUpdate":false,"showSkybox":false,"showFlares":true,"showImageEffects":true,"showParticleSystems":true},"in2DMode":false,"pivot":{"x":-3.775026321411133,"y":-0.058837950229644778,"z":-0.6848534345626831},"rotation":{"x":0.09077700227499008,"y":-0.7555114030838013,"z":0.10426261276006699,"w":0.6412444114685059},"size":3.31725811958313,"orthographic":false}