{"cameraMode":{"drawMode":0,"name":"Shaded","section":"Shading Mode"},"sceneLighting":false,"audioPlay":false,"sceneViewState":{"showFog":true,"showMaterialUpdate":false,"showSkybox":false,"showFlares":true,"showImageEffects":true,"showParticleSystems":true},"in2DMode":false,"pivot":{"x":0.5532269477844238,"y":2.3887906074523927,"z":5.320687770843506},"rotation":{"x":0.038630470633506778,"y":0.9590370655059815,"z":-0.23644927144050599,"w":0.1546098291873932},"size":2.6090800762176515,"orthographic":false}