{"cameraMode":{"drawMode":0,"name":"Shaded","section":"Shading Mode"},"sceneLighting":false,"audioPlay":false,"sceneViewState":{"showFog":true,"showMaterialUpdate":false,"showSkybox":false,"showFlares":true,"showImageEffects":true,"showParticleSystems":true},"in2DMode":false,"pivot":{"x":1.9541362524032593,"y":0.5921989679336548,"z":0.028823375701904298},"rotation":{"x":0.008706790395081044,"y":0.3922220468521118,"z":-0.003320287214592099,"w":0.9203974008560181},"size":1.7796263694763184,"orthographic":false}